dimension,clicks,impressions,ctr_percent,position
https://ksrfp.com/labor-management/3108/,5199,136649,3.8,7.93
https://ksrfp.com/life-planning/343/,5025,95217,5.28,4.71
https://ksrfp.com/labor-management/254/,2983,131711,2.26,4.47
https://ksrfp.com/life-planning/362/,2630,96853,2.72,7.11
https://ksrfp.com/labor-management/3120/,1777,14850,11.97,13.39
https://ksrfp.com/pension/254/,1435,46796,3.07,5.97
https://ksrfp.com/labor-management/2960/,1346,20195,6.67,11.05
https://ksrfp.com/labor-management/2904/,1244,41462,3.0,13.74
https://ksrfp.com/labor-management/3052/,1015,9583,10.59,10.86
https://ksrfp.com/labor-management/3044/,990,27130,3.65,6.93
https://ksrfp.com/labor-management/3420/,839,138531,0.61,7.56
https://ksrfp.com/benefits/240/,738,23671,3.12,8.31
https://ksrfp.com/pension/362/,664,15840,4.19,10.86
https://ksrfp.com/payroll/3524/,624,30120,2.07,11.13
https://ksrfp.com/labor-management/3150/,554,11622,4.77,6.57
https://ksrfp.com/labor-management/2567/,423,11432,3.7,10.6
https://ksrfp.com/labor-management/288/,299,43059,0.69,17.92
https://ksrfp.com/labor-management/2920/,279,24128,1.16,11.43
https://ksrfp.com/labor-management/4022/,243,22559,1.08,6.01
https://ksrfp.com/labor-management/4424/,210,6722,3.12,7.13
https://ksrfp.com/labor-management/2498/,204,12077,1.69,18.31
https://ksrfp.com/labor-management/2578/,190,23579,0.81,12.31
https://ksrfp.com/,185,11343,1.63,23.81
https://ksrfp.com/labor-management/297/,132,3778,3.49,23.62
https://ksrfp.com/labor-management/2608/,112,4530,2.47,17.51
https://ksrfp.com/labor-management/3467/,104,10702,0.97,10.67
https://ksrfp.com/labor-management/907/,77,8106,0.95,16.04
https://ksrfp.com/life-planning/182/,70,8704,0.8,20.53
https://ksrfp.com/labor-management/4426/,69,9137,0.76,2.45
https://ksrfp.com/payroll/3535/,66,2785,2.37,13.91
https://ksrfp.com/labor-management/3390/,64,4240,1.51,28.45
https://ksrfp.com/labor-management/319/,60,5429,1.11,12.42
https://ksrfp.com/labor-management/3090/,51,6470,0.79,25.36
https://ksrfp.com/labor-management/2913/,47,6672,0.7,19.38
https://ksrfp.com/benefits/167/,43,12578,0.34,21.24
https://ksrfp.com/labor-management/2990/,41,3917,1.05,20.09
https://ksrfp.com/clinic/4587/,41,2886,1.42,7.56
https://ksrfp.com/payroll/2461/,30,4272,0.7,8.2
https://ksrfp.com/life-planning/221/,30,2843,1.06,10.37
https://ksrfp.com/labor-management/3411/,30,2384,1.26,15.55
https://ksrfp.com/profile/,21,1436,1.46,40.0
https://ksrfp.com/clinic/4600/,20,640,3.12,6.89
https://ksrfp.com/labor-management/4423/,18,1557,1.16,20.84
https://ksrfp.com/labor-management/2564/,17,2366,0.72,52.46
https://ksrfp.com/pension/198/,16,3572,0.45,12.88
https://ksrfp.com/labor-management/976/,14,3813,0.37,36.08
https://ksrfp.com/blog/,13,364,3.57,22.62
https://ksrfp.com/benefits/171/,12,3636,0.33,26.73
https://ksrfp.com/service/harassment/,10,878,1.14,27.54
https://ksrfp.com/service/personnel-system/,9,1004,0.9,31.19
https://ksrfp.com/labor-management/2820/,9,383,2.35,27.93
https://ksrfp.com/benefits/153/,8,1254,0.64,12.33
https://ksrfp.com/service/insurance/,7,2362,0.3,36.13
https://ksrfp.com/labor-management/3633/,7,853,0.82,26.47
https://ksrfp.com/pension/4064/,7,179,3.91,18.65
https://ksrfp.com/labor-management/948/,6,2367,0.25,58.31
https://ksrfp.com/labor-management/2984/,6,852,0.7,40.19
https://ksrfp.com/labor-management/3644/,6,577,1.04,33.42
https://ksrfp.com/pension/3411/,6,550,1.09,35.39
https://ksrfp.com/pension/362/#%E5%A4%AB%E3%81%8C%E9%80%80%E8%81%B7%E3%81%97%E3%81%9F%E3%82%89%EF%BC%9F,5,8595,0.06,6.94
https://ksrfp.com/labor-management/2769/,5,1079,0.46,16.08
https://ksrfp.com/download/saiyou/,5,996,0.5,18.76
https://ksrfp.com/payroll/,5,691,0.72,30.84
https://ksrfp.com/clinic/4494/,5,256,1.95,8.09
https://ksrfp.com/labor-management/3108/#%E5%BD%B9%E5%93%A1%E3%82%84%E7%A4%BE%E9%95%B7%E3%81%AE%E5%AE%B6%E6%97%8F%E3%81%AF%E9%9B%87%E7%94%A8%E4%BF%9D%E9%99%BA%E3%81%AE%E5%AF%BE%E8%B1%A1%E5%A4%96,4,5890,0.07,5.06
https://ksrfp.com/labor-management/2600/,4,3609,0.11,5.33
https://ksrfp.com/labor-management/706/,4,449,0.89,15.96
https://ksrfp.com/sitemap/,4,90,4.44,14.89
https://ksrfp.com/clinic/4631/,4,61,6.56,6.66
https://ksrfp.com/service/labor-issues/,3,2159,0.14,31.16
https://ksrfp.com/clinic/4495/,3,129,2.33,7.81
https://ksrfp.com/subsidy/,3,26,11.54,15.0
https://ksrfp.com/uncategorized/4454/,3,15,20.0,7.73
https://ksrfp.com/pension/254/#%E3%83%91%E3%83%BC%E3%83%88%E3%81%A7%E7%A4%BE%E4%BC%9A%E4%BF%9D%E9%99%BA%E3%81%AB%E5%8A%A0%E5%85%A5%E3%81%99%E3%82%8B%E3%81%A8%E6%90%8D%EF%BC%9F,2,2617,0.08,6.05
https://ksrfp.com/service/labor-regulations/,2,1048,0.19,35.45
https://ksrfp.com/benefits/240/#%E5%AF%BE%E8%B1%A1%E8%AC%9B%E5%BA%A7,2,727,0.28,7.23
https://ksrfp.com/labor-management/2787/,2,691,0.29,46.02
https://ksrfp.com/labor-management/2396/,2,362,0.55,21.33
https://ksrfp.com/life-planning/229/,2,331,0.6,67.6
https://ksrfp.com/labor-management/3617/,2,328,0.61,23.9
https://ksrfp.com/subsidy/335/,2,279,0.72,39.95
https://ksrfp.com/contact/,2,196,1.02,14.29
https://ksrfp.com/labor-management/2392/,2,55,3.64,12.35
https://ksrfp.com/clinic/4696/,2,36,5.56,7.31
https://ksrfp.com/news/4425/,2,16,12.5,24.56
https://ksrfp.com/pension/362/#%E4%BB%BB%E6%84%8F%E7%B6%99%E7%B6%9A%E8%A2%AB%E4%BF%9D%E9%99%BA%E8%80%85%E3%81%A8%E3%81%AF,1,8574,0.01,6.94
https://ksrfp.com/pension/362/#%E4%BB%BB%E6%84%8F%E7%B6%99%E7%B6%9A%E8%A2%AB%E4%BF%9D%E9%99%BA%E8%80%85%E3%81%AB%E3%81%AA%E3%82%89%E3%81%AA%E3%81%8B%E3%81%A3%E3%81%9F%E3%82%89%EF%BC%9F,1,8177,0.01,6.93
https://ksrfp.com/labor-management/3108/#%E7%A4%BE%E9%95%B7%E3%81%AE%E5%AE%B6%E6%97%8F%E3%81%AF%E9%9B%87%E7%94%A8%E4%BF%9D%E9%99%BA%E3%81%AB%E5%8A%A0%E5%85%A5%E3%81%A7%E3%81%8D%E3%82%8B%EF%BC%9F,1,6950,0.01,5.08
https://ksrfp.com/labor-management/3108/#%E4%BD%BF%E7%94%A8%E4%BA%BA%E5%85%BC%E5%8B%99%E5%BD%B9%E5%93%A1%E3%81%AF%E5%8A%A0%E5%85%A5%E3%81%A7%E3%81%8D%E3%82%8B,1,3375,0.03,5.1
https://ksrfp.com/life-planning/343/#%E5%8F%8E%E5%85%A5%E8%A6%81%E4%BB%B6,1,2815,0.04,5.51
https://ksrfp.com/life-planning/343/#%E9%81%BA%E6%97%8F%E5%B9%B4%E9%87%91%E3%81%AF%E9%9D%9E%E8%AA%B2%E7%A8%8E,1,2815,0.04,5.51
https://ksrfp.com/labor-management/2904/#%E8%B3%87%E6%A0%BC%E5%96%AA%E5%A4%B1%E3%81%AE%E5%A0%B4%E5%90%88%E3%81%AE%E5%BE%B4%E5%8F%8E%E6%96%B9%E6%B3%95,1,1847,0.05,6.86
https://ksrfp.com/labor-management/3044/#%E5%8E%9F%E5%89%87%E3%81%AE%E6%9C%89%E7%B5%A6%E5%8F%96%E5%BE%97%E5%8D%98%E4%BD%8D%E3%81%AF%E5%8A%B4%E5%83%8D%E6%97%A5,1,1430,0.07,7.92
https://ksrfp.com/labor-management/3481/,1,1235,0.08,15.01
https://ksrfp.com/labor-management/2960/#%E4%BA%8B%E5%8B%99%E6%89%80%E5%8A%B4%E7%81%BD,1,1185,0.08,6.99
https://ksrfp.com/labor-management/2578/#%E6%9C%88%E7%B5%A6%E5%88%B6%E3%81%AE%E5%A0%B4%E5%90%88,1,983,0.1,8.09
https://ksrfp.com/labor-management/3072/,1,924,0.11,62.91
https://ksrfp.com/labor-management/2567/#%E6%85%B6%E5%BC%94%E4%BC%91%E6%9A%87%E3%82%82%E7%A6%8F%E5%88%A9%E5%8E%9A%E7%94%9F%E3%81%A8%E3%81%97%E3%81%A6%E5%BE%85%E9%81%87%E3%81%AE%E4%B8%80%E7%A8%AE,1,894,0.11,5.31
https://ksrfp.com/labor-management/2806/,1,886,0.11,77.75
https://ksrfp.com/benefits/240/#%E6%95%99%E8%82%B2%E8%A8%93%E7%B7%B4%E7%B5%A6%E4%BB%98%E9%87%91%E3%81%A7%E8%B3%87%E6%A0%BC%E3%82%92%E5%8F%96%E3%82%8D%E3%81%86%EF%BC%81,1,759,0.13,7.2
